Workbook

Sheet Strumenti
A1: ΔV [V] | B1: ΔI [A] | C1: α | E1: R_c [Ω] | F1: ΔR_c [Ω] | H1: C [nF] | I1: ΔC[nF]
A4: V_max [V] | B4: αV_max [V]
A5: 310 | B5: =A5*C2 -> 0

Sheet CURVE DIODI
A1: DIODO 1 | O1: DIODO 2 | AB1: DIODO 3 | AO1: DIODO 4
A2: I [mA] | B2: V[mV] | C2: R[Ω] | D2: ΔR[Ω] | E2: R_din[Ω] | F2: ΔR_din[Ω] | O2: I [mA] | P2: V[mV] | Q2: R[Ω] | R2: ΔR[Ω] | S2: R_din[Ω] | T2: ΔR_din[Ω] | AB2: I [mA] | AC2: V[mV] | AD2: R[Ω] | AE2: ΔR[Ω] | AF2: R_din[Ω] | AG2: ΔR_din[Ω] | AO2: I [mA] | AP2: V[mV] | AQ2: R[Ω] | AR2: ΔR[Ω] | AS2: R_din[Ω] | AT2: ΔR_din[Ω]
C3: =B3/A3 -> #DIV/0! | D3: =C3*((Strumenti!A2/B3)+(Strumenti!B2/A3)) -> #DIV/0! | E3: =(B4-B3)/(A4-A3) -> #DIV/0! | F3: =E3*((Strumenti!A2/(B4-B3))+(Strumenti!B2/(A4-A3))) -> #DIV/0! | Q3: =P3/O3 -> #DIV/0! | R3: =Q3*((Strumenti!O2/P3)+(Strumenti!P2/O3)) -> #DIV/0! | S3: =(P4-P3)/(O4-O3) -> #DIV/0! | T3: =S3*((Strumenti!O2/(P4-P3))+(Strumenti!P2/(O4-O3))) -> #DIV/0! | AD3: =AC3/AB3 -> #DIV/0! | AE3: =AD3*((Strumenti!AB2/AC3)+(Strumenti!AC2/AB3)) -> #DIV/0! | AF3: =(AC4-AC3)/(AB4-AB3) -> #DIV/0! | AG3: =AF3*((Strumenti!AB2/(AC4-AC3))+(Strumenti!AC2/(AB4-AB3))) -> #DIV/0! | AQ3: =AP3/AO3 -> #DIV/0! | AR3: =AQ3*((Strumenti!AO2/AP3)+(Strumenti!AP2/AO3)) -> #DIV/0! | AS3: =(AP4-AP3)/(AO4-AO3) -> #DIV/0! | AT3: =AS3*((Strumenti!AO2/(AP4-AP3))+(Strumenti!AP2/(AO4-AO3))) -> #DIV/0!
C4: =B4/A4 -> #DIV/0! | D4: =C4*((Strumenti!A3/B4)+(Strumenti!B3/A4)) -> #DIV/0! | E4: =(B5-B4)/(A5-A4) -> #DIV/0! | F4: =E4*((Strumenti!A3/(B5-B4))+(Strumenti!B3/(A5-A4))) -> #DIV/0! | Q4: =P4/O4 -> #DIV/0! | R4: =Q4*((Strumenti!O3/P4)+(Strumenti!P3/O4)) -> #DIV/0! | S4: =(P5-P4)/(O5-O4) -> #DIV/0! | T4: =S4*((Strumenti!O3/(P5-P4))+(Strumenti!P3/(O5-O4))) -> #DIV/0! | AD4: =AC4/AB4 -> #DIV/0! | AE4: =AD4*((Strumenti!AB3/AC4)+(Strumenti!AC3/AB4)) -> #DIV/0! | AF4: =(AC5-AC4)/(AB5-AB4) -> #DIV/0! | AG4: =AF4*((Strumenti!AB3/(AC5-AC4))+(Strumenti!AC3/(AB5-AB4))) -> #DIV/0! | AQ4: =AP4/AO4 -> #DIV/0! | AR4: =AQ4*((Strumenti!AO3/AP4)+(Strumenti!AP3/AO4)) -> #DIV/0! | AS4: =(AP5-AP4)/(AO5-AO4) -> #DIV/0! | AT4: =AS4*((Strumenti!AO3/(AP5-AP4))+(Strumenti!AP3/(AO5-AO4))) -> #DIV/0!
C5: =B5/A5 -> #DIV/0! | D5: =C5*((Strumenti!A4/B5)+(Strumenti!B4/A5)) -> #DIV/0! | E5: =(B6-B5)/(A6-A5) -> #DIV/0! | F5: =E5*((Strumenti!A4/(B6-B5))+(Strumenti!B4/(A6-A5))) -> #DIV/0! | Q5: =P5/O5 -> #DIV/0! | R5: =Q5*((Strumenti!O4/P5)+(Strumenti!P4/O5)) -> #DIV/0! | S5: =(P6-P5)/(O6-O5) -> #DIV/0! | T5: =S5*((Strumenti!O4/(P6-P5))+(Strumenti!P4/(O6-O5))) -> #DIV/0! | AD5: =AC5/AB5 -> #DIV/0! | AE5: =AD5*((Strumenti!AB4/AC5)+(Strumenti!AC4/AB5)) -> #DIV/0! | AF5: =(AC6-AC5)/(AB6-AB5) -> #DIV/0! | AG5: =AF5*((Strumenti!AB4/(AC6-AC5))+(Strumenti!AC4/(AB6-AB5))) -> #DIV/0! | AQ5: =AP5/AO5 -> #DIV/0! | AR5: =AQ5*((Strumenti!AO4/AP5)+(Strumenti!AP4/AO5)) -> #DIV/0! | AS5: =(AP6-AP5)/(AO6-AO5) -> #DIV/0! | AT5: =AS5*((Strumenti!AO4/(AP6-AP5))+(Strumenti!AP4/(AO6-AO5))) -> #DIV/0!
C6: =B6/A6 -> #DIV/0! | D6: =C6*((Strumenti!A5/B6)+(Strumenti!B5/A6)) -> #DIV/0! | E6: =(B7-B6)/(A7-A6) -> #DIV/0! | F6: =E6*((Strumenti!A5/(B7-B6))+(Strumenti!B5/(A7-A6))) -> #DIV/0! | Q6: =P6/O6 -> #DIV/0! | R6: =Q6*((Strumenti!O5/P6)+(Strumenti!P5/O6)) -> #DIV/0! | S6: =(P7-P6)/(O7-O6) -> #DIV/0! | T6: =S6*((Strumenti!O5/(P7-P6))+(Strumenti!P5/(O7-O6))) -> #DIV/0! | AD6: =AC6/AB6 -> #DIV/0! | AE6: =AD6*((Strumenti!AB5/AC6)+(Strumenti!AC5/AB6)) -> #DIV/0! | AF6: =(AC7-AC6)/(AB7-AB6) -> #DIV/0! | AG6: =AF6*((Strumenti!AB5/(AC7-AC6))+(Strumenti!AC5/(AB7-AB6))) -> #DIV/0! | AQ6: =AP6/AO6 -> #DIV/0! | AR6: =AQ6*((Strumenti!AO5/AP6)+(Strumenti!AP5/AO6)) -> #DIV/0! | AS6: =(AP7-AP6)/(AO7-AO6) -> #DIV/0! | AT6: =AS6*((Strumenti!AO5/(AP7-AP6))+(Strumenti!AP5/(AO7-AO6))) -> #DIV/0!
C7: =B7/A7 -> #DIV/0! | D7: =C7*((Strumenti!A6/B7)+(Strumenti!B6/A7)) -> #DIV/0! | E7: =(B8-B7)/(A8-A7) -> #DIV/0! | F7: =E7*((Strumenti!A6/(B8-B7))+(Strumenti!B6/(A8-A7))) -> #DIV/0! | Q7: =P7/O7 -> #DIV/0! | R7: =Q7*((Strumenti!O6/P7)+(Strumenti!P6/O7)) -> #DIV/0! | S7: =(P8-P7)/(O8-O7) -> #DIV/0! | T7: =S7*((Strumenti!O6/(P8-P7))+(Strumenti!P6/(O8-O7))) -> #DIV/0! | AD7: =AC7/AB7 -> #DIV/0! | AE7: =AD7*((Strumenti!AB6/AC7)+(Strumenti!AC6/AB7)) -> #DIV/0! | AF7: =(AC8-AC7)/(AB8-AB7) -> #DIV/0! | AG7: =AF7*((Strumenti!AB6/(AC8-AC7))+(Strumenti!AC6/(AB8-AB7))) -> #DIV/0! | AQ7: =AP7/AO7 -> #DIV/0! | AR7: =AQ7*((Strumenti!AO6/AP7)+(Strumenti!AP6/AO7)) -> #DIV/0! | AS7: =(AP8-AP7)/(AO8-AO7) -> #DIV/0! | AT7: =AS7*((Strumenti!AO6/(AP8-AP7))+(Strumenti!AP6/(AO8-AO7))) -> #DIV/0!
C8: =B8/A8 -> #DIV/0! | D8: =C8*((Strumenti!A7/B8)+(Strumenti!B7/A8)) -> #DIV/0! | E8: =(B9-B8)/(A9-A8) -> #DIV/0! | F8: =E8*((Strumenti!A7/(B9-B8))+(Strumenti!B7/(A9-A8))) -> #DIV/0! | Q8: =P8/O8 -> #DIV/0! | R8: =Q8*((Strumenti!O7/P8)+(Strumenti!P7/O8)) -> #DIV/0! | S8: =(P9-P8)/(O9-O8) -> #DIV/0! | T8: =S8*((Strumenti!O7/(P9-P8))+(Strumenti!P7/(O9-O8))) -> #DIV/0! | AD8: =AC8/AB8 -> #DIV/0! | AE8: =AD8*((Strumenti!AB7/AC8)+(Strumenti!AC7/AB8)) -> #DIV/0! | AF8: =(AC9-AC8)/(AB9-AB8) -> #DIV/0! | AG8: =AF8*((Strumenti!AB7/(AC9-AC8))+(Strumenti!AC7/(AB9-AB8))) -> #DIV/0! | AQ8: =AP8/AO8 -> #DIV/0! | AR8: =AQ8*((Strumenti!AO7/AP8)+(Strumenti!AP7/AO8)) -> #DIV/0! | AS8: =(AP9-AP8)/(AO9-AO8) -> #DIV/0! | AT8: =AS8*((Strumenti!AO7/(AP9-AP8))+(Strumenti!AP7/(AO9-AO8))) -> #DIV/0!
C9: =B9/A9 -> #DIV/0! | D9: =C9*((Strumenti!A8/B9)+(Strumenti!B8/A9)) -> #DIV/0! | E9: =(B10-B9)/(A10-A9) -> #DIV/0! | F9: =E9*((Strumenti!A8/(B10-B9))+(Strumenti!B8/(A10-A9))) -> #DIV/0! | Q9: =P9/O9 -> #DIV/0! | R9: =Q9*((Strumenti!O8/P9)+(Strumenti!P8/O9)) -> #DIV/0! | S9: =(P10-P9)/(O10-O9) -> #DIV/0! | T9: =S9*((Strumenti!O8/(P10-P9))+(Strumenti!P8/(O10-O9))) -> #DIV/0! | AD9: =AC9/AB9 -> #DIV/0! | AE9: =AD9*((Strumenti!AB8/AC9)+(Strumenti!AC8/AB9)) -> #DIV/0! | AF9: =(AC10-AC9)/(AB10-AB9) -> #DIV/0! | AG9: =AF9*((Strumenti!AB8/(AC10-AC9))+(Strumenti!AC8/(AB10-AB9))) -> #DIV/0! | AQ9: =AP9/AO9 -> #DIV/0! | AR9: =AQ9*((Strumenti!AO8/AP9)+(Strumenti!AP8/AO9)) -> #DIV/0! | AS9: =(AP10-AP9)/(AO10-AO9) -> #DIV/0! | AT9: =AS9*((Strumenti!AO8/(AP10-AP9))+(Strumenti!AP8/(AO10-AO9))) -> #DIV/0!
C10: =B10/A10 -> #DIV/0! | D10: =C10*((Strumenti!A9/B10)+(Strumenti!B9/A10)) -> #DIV/0! | E10: =(B11-B10)/(A11-A10) -> #DIV/0! | F10: =E10*((Strumenti!A9/(B11-B10))+(Strumenti!B9/(A11-A10))) -> #DIV/0! | Q10: =P10/O10 -> #DIV/0! | R10: =Q10*((Strumenti!O9/P10)+(Strumenti!P9/O10)) -> #DIV/0! | S10: =(P11-P10)/(O11-O10) -> #DIV/0! | T10: =S10*((Strumenti!O9/(P11-P10))+(Strumenti!P9/(O11-O10))) -> #DIV/0! | AD10: =AC10/AB10 -> #DIV/0! | AE10: =AD10*((Strumenti!AB9/AC10)+(Strumenti!AC9/AB10)) -> #DIV/0! | AF10: =(AC11-AC10)/(AB11-AB10) -> #DIV/0! | AG10: =AF10*((Strumenti!AB9/(AC11-AC10))+(Strumenti!AC9/(AB11-AB10))) -> #DIV/0! | AQ10: =AP10/AO10 -> #DIV/0! | AR10: =AQ10*((Strumenti!AO9/AP10)+(Strumenti!AP9/AO10)) -> #DIV/0! | AS10: =(AP11-AP10)/(AO11-AO10) -> #DIV/0! | AT10: =AS10*((Strumenti!AO9/(AP11-AP10))+(Strumenti!AP9/(AO11-AO10))) -> #DIV/0!
C11: =B11/A11 -> #DIV/0! | D11: =C11*((Strumenti!A10/B11)+(Strumenti!B10/A11)) -> #DIV/0! | E11: =(B12-B11)/(A12-A11) -> #DIV/0! | F11: =E11*((Strumenti!A10/(B12-B11))+(Strumenti!B10/(A12-A11))) -> #DIV/0! | Q11: =P11/O11 -> #DIV/0! | R11: =Q11*((Strumenti!O10/P11)+(Strumenti!P10/O11)) -> #DIV/0! | S11: =(P12-P11)/(O12-O11) -> #DIV/0! | T11: =S11*((Strumenti!O10/(P12-P11))+(Strumenti!P10/(O12-O11))) -> #DIV/0! | AD11: =AC11/AB11 -> #DIV/0! | AE11: =AD11*((Strumenti!AB10/AC11)+(Strumenti!AC10/AB11)) -> #DIV/0! | AF11: =(AC12-AC11)/(AB12-AB11) -> #DIV/0! | AG11: =AF11*((Strumenti!AB10/(AC12-AC11))+(Strumenti!AC10/(AB12-AB11))) -> #DIV/0! | AQ11: =AP11/AO11 -> #DIV/0! | AR11: =AQ11*((Strumenti!AO10/AP11)+(Strumenti!AP10/AO11)) -> #DIV/0! | AS11: =(AP12-AP11)/(AO12-AO11) -> #DIV/0! | AT11: =AS11*((Strumenti!AO10/(AP12-AP11))+(Strumenti!AP10/(AO12-AO11))) -> #DIV/0!
C12: =B12/A12 -> #DIV/0! | D12: =C12*((Strumenti!A11/B12)+(Strumenti!B11/A12)) -> #DIV/0! | E12: =(B13-B12)/(A13-A12) -> #DIV/0! | F12: =E12*((Strumenti!A11/(B13-B12))+(Strumenti!B11/(A13-A12))) -> #DIV/0! | Q12: =P12/O12 -> #DIV/0! | R12: =Q12*((Strumenti!O11/P12)+(Strumenti!P11/O12)) -> #DIV/0! | S12: =(P13-P12)/(O13-O12) -> #DIV/0! | T12: =S12*((Strumenti!O11/(P13-P12))+(Strumenti!P11/(O13-O12))) -> #DIV/0! | AD12: =AC12/AB12 -> #DIV/0! | AE12: =AD12*((Strumenti!AB11/AC12)+(Strumenti!AC11/AB12)) -> #DIV/0! | AF12: =(AC13-AC12)/(AB13-AB12) -> #DIV/0! | AG12: =AF12*((Strumenti!AB11/(AC13-AC12))+(Strumenti!AC11/(AB13-AB12))) -> #DIV/0! | AQ12: =AP12/AO12 -> #DIV/0! | AR12: =AQ12*((Strumenti!AO11/AP12)+(Strumenti!AP11/AO12)) -> #DIV/0! | AS12: =(AP13-AP12)/(AO13-AO12) -> #DIV/0! | AT12: =AS12*((Strumenti!AO11/(AP13-AP12))+(Strumenti!AP11/(AO13-AO12))) -> #DIV/0!
C13: =B13/A13 -> #DIV/0! | D13: =C13*((Strumenti!A12/B13)+(Strumenti!B12/A13)) -> #DIV/0! | E13: =(B14-B13)/(A14-A13) -> #DIV/0! | F13: =E13*((Strumenti!A12/(B14-B13))+(Strumenti!B12/(A14-A13))) -> #DIV/0! | Q13: =P13/O13 -> #DIV/0! | R13: =Q13*((Strumenti!O12/P13)+(Strumenti!P12/O13)) -> #DIV/0! | S13: =(P14-P13)/(O14-O13) -> #DIV/0! | T13: =S13*((Strumenti!O12/(P14-P13))+(Strumenti!P12/(O14-O13))) -> #DIV/0! | AD13: =AC13/AB13 -> #DIV/0! | AE13: =AD13*((Strumenti!AB12/AC13)+(Strumenti!AC12/AB13)) -> #DIV/0! | AF13: =(AC14-AC13)/(AB14-AB13) -> #DIV/0! | AG13: =AF13*((Strumenti!AB12/(AC14-AC13))+(Strumenti!AC12/(AB14-AB13))) -> #DIV/0! | AQ13: =AP13/AO13 -> #DIV/0! | AR13: =AQ13*((Strumenti!AO12/AP13)+(Strumenti!AP12/AO13)) -> #DIV/0! | AS13: =(AP14-AP13)/(AO14-AO13) -> #DIV/0! | AT13: =AS13*((Strumenti!AO12/(AP14-AP13))+(Strumenti!AP12/(AO14-AO13))) -> #DIV/0!
C14: =B14/A14 -> #DIV/0! | D14: =C14*((Strumenti!A13/B14)+(Strumenti!B13/A14)) -> #DIV/0! | E14: =(B15-B14)/(A15-A14) -> #DIV/0! | F14: =E14*((Strumenti!A13/(B15-B14))+(Strumenti!B13/(A15-A14))) -> #DIV/0! | Q14: =P14/O14 -> #DIV/0! | R14: =Q14*((Strumenti!O13/P14)+(Strumenti!P13/O14)) -> #DIV/0! | S14: =(P15-P14)/(O15-O14) -> #DIV/0! | T14: =S14*((Strumenti!O13/(P15-P14))+(Strumenti!P13/(O15-O14))) -> #DIV/0! | AD14: =AC14/AB14 -> #DIV/0! | AE14: =AD14*((Strumenti!AB13/AC14)+(Strumenti!AC13/AB14)) -> #DIV/0! | AF14: =(AC15-AC14)/(AB15-AB14) -> #DIV/0! | AG14: =AF14*((Strumenti!AB13/(AC15-AC14))+(Strumenti!AC13/(AB15-AB14))) -> #DIV/0! | AQ14: =AP14/AO14 -> #DIV/0! | AR14: =AQ14*((Strumenti!AO13/AP14)+(Strumenti!AP13/AO14)) -> #DIV/0! | AS14: =(AP15-AP14)/(AO15-AO14) -> #DIV/0! | AT14: =AS14*((Strumenti!AO13/(AP15-AP14))+(Strumenti!AP13/(AO15-AO14))) -> #DIV/0!
... C36: =B36/A36 -> #DIV/0! | D36: =C36*((Strumenti!A35/B36)+(Strumenti!B35/A36)) -> #DIV/0! | E36: =(B37-B36)/(A37-A36) -> #DIV/0! | F36: =E36*((Strumenti!A35/(B37-B36))+(Strumenti!B35/(A37-A36))) -> #DIV/0! | Q36: =P36/O36 -> #DIV/0! | R36: =Q36*((Strumenti!O35/P36)+(Strumenti!P35/O36)) -> #DIV/0! | S36: =(P37-P36)/(O37-O36) -> #DIV/0! | T36: =S36*((Strumenti!O35/(P37-P36))+(Strumenti!P35/(O37-O36))) -> #DIV/0! | AD36: =AC36/AB36 -> #DIV/0! | AE36: =AD36*((Strumenti!AB35/AC36)+(Strumenti!AC35/AB36)) -> #DIV/0! | AF36: =(AC37-AC36)/(AB37-AB36) -> #DIV/0! | AG36: =AF36*((Strumenti!AB35/(AC37-AC36))+(Strumenti!AC35/(AB37-AB36))) -> #DIV/0! | AQ36: =AP36/AO36 -> #DIV/0! | AR36: =AQ36*((Strumenti!AO35/AP36)+(Strumenti!AP35/AO36)) -> #DIV/0! | AS36: =(AP37-AP36)/(AO37-AO36) -> #DIV/0! | AT36: =AS36*((Strumenti!AO35/(AP37-AP36))+(Strumenti!AP35/(AO37-AO36))) -> #DIV/0!
C37: =B37/A37 -> #DIV/0! | D37: =C37*((Strumenti!A36/B37)+(Strumenti!B36/A37)) -> #DIV/0! | E37: =(#REF!-B37)/(#REF!-A37) -> #REF! | F37: =E37*((Strumenti!A36/(#REF!-B37))+(Strumenti!B36/(#REF!-A37))) -> #REF! | Q37: =P37/O37 -> #DIV/0! | R37: =Q37*((Strumenti!O36/P37)+(Strumenti!P36/O37)) -> #DIV/0! | S37: =(#REF!-P37)/(#REF!-O37) -> #REF! | T37: =S37*((Strumenti!O36/(#REF!-P37))+(Strumenti!P36/(#REF!-O37))) -> #REF! | AD37: =AC37/AB37 -> #DIV/0! | AE37: =AD37*((Strumenti!AB36/AC37)+(Strumenti!AC36/AB37)) -> #DIV/0! | AF37: =(#REF!-AC37)/(#REF!-AB37) -> #REF! | AG37: =AF37*((Strumenti!AB36/(#REF!-AC37))+(Strumenti!AC36/(#REF!-AB37))) -> #REF! | AQ37: =AP37/AO37 -> #DIV/0! | AR37: =AQ37*((Strumenti!AO36/AP37)+(Strumenti!AP36/AO37)) -> #DIV/0! | AS37: =(#REF!-AP37)/(#REF!-AO37) -> #REF! | AT37: =AS37*((Strumenti!AO36/(#REF!-AP37))+(Strumenti!AP36/(#REF!-AO37))) -> #REF!

Sheet FASE DI MISURA
A1: FASE DI CARICA | I1: FASE DI SCARICA
A2: ΔV_c [mV] | B2: ΔV_c [min] | C2: ΔV_c[max] | E2: R_d[Ω] | F2: ΔR_d[Ω] | I2: ΔV_c [mV] | J2: ΔV_c [min] | K2: ΔV_c[max] | M2: R_d | N2: ΔR_d
B3: =MIN(A3:A34) -> 0 | C3: =MAX(A3:A34) -> 0 | E3: =0.5*((Strumenti!B5/C3)-1)*Strumenti!E2 -> #DIV/0! | F3: =E3*(2*Strumenti!A2/C3+Strumenti!F2/Strumenti!E2) -> #DIV/0! | M3: =((Strumenti!J5/K3)-1)*Strumenti!M2 -> #DIV/0! | N3: =M3*(2*Strumenti!I2/K3+Strumenti!N2/Strumenti!M2) -> #DIV/0!
E5: τ[1/s] | F5: Δτ[1/s] | M5: τ | N5: Δτ
E6: =(E3+Strumenti!E2)*Strumenti!H2 -> #DIV/0! | F6: =E6*((Strumenti!I2/Strumenti!H2)+(Strumenti!F2/Strumenti!E2)) -> #DIV/0! | M6: =(M3+Strumenti!M2)*Strumenti!P2 -> #DIV/0! | N6: =M6*((Strumenti!Q2/Strumenti!P2)+(Strumenti!N2/Strumenti!M2)) -> #DIV/0!
E8: ΔV_rip[mV] | F8: Δ(ΔV_rip)[mV] | M8: ΔV_rip[mV] | N8: Δ(ΔV_rip)[mV]
E9: =C3-B3 -> 0 | F9: =((2*Strumenti!A2/C3)+(2*Strumenti!A2/B3))*E9 -> #DIV/0! | M9: =K3-J3 -> 0 | N9: =4*Strumenti!I2 -> 0
E11: ΔV_medio | F11: Δ(ΔV_rip)[mV] | M11: ΔV_medio | N11: Δ(ΔV_rip)[mV]
E12: =0.5*(B3+C3) -> 0 | F12: =((2*Strumenti!A2/C3)+(2*Strumenti!A2/B3))*E12 -> #DIV/0! | M12: =0.5*(J3+K3) -> 0 | N12: =N9 -> 0
E14: r | F14: Δr | M14: r | N14: Δr
E15: =E9/E12 -> #DIV/0! | F15: {=E15*((F12/E12)+F(F9/E9))} -> #DIV/0! | M15: =M9/M12 -> #DIV/0! | N15: {=M15*((N12/M12)+F(N9/M9))} -> #DIV/0!
E17: J_sp | M17: J_sp
E18: =B3/C3 -> #DIV/0! | M18: =J3/K3 -> #DIV/0!
E20: T/2 | F20: J_th | M20: T/2 | N20: J_th
F21: =-EXP(E21/E6) -> #DIV/0! | N21: =-EXP(M21/M6) -> #DIV/0!
E23: K | M23: K
E24: =F21/E18 -> #DIV/0! | M24: =N21/M18 -> #DIV/0!

Sheet PARAMETRI
A3: ='FASE DI MISURA'!C3-'FASE DI MISURA'!B3 -> 0
